id,name,read,pattern,sequence,feature_type,library_pattern
TSC1,UAC725-NonInvolved-Paired-TSC1,R2,5PNNNNNNNNNN(BC),GTCAACTCTTTAGCG,Antibody Capture,10x_035_JiCh
TSC2,UCC725-Inflamed-Paired-TSC2,R2,5PNNNNNNNNNN(BC),TGATGGCCTATTGGG,Antibody Capture,10x_035_JiCh
TSC3,UAC727-NonInvolved-Paired-TSC3,R2,5PNNNNNNNNNN(BC),TTCCGCCTCTCTTTG,Antibody Capture,10x_035_JiCh
TSC4,UCC727-Inflamed-Paired-TSC4,R2,5PNNNNNNNNNN(BC),AGTAAGTTCAGCGTA,Antibody Capture,10x_035_JiCh
TSC3,UCC737-Inflamed-Active-TSC3,R2,5PNNNNNNNNNN(BC),TTCCGCCTCTCTTTG,Antibody Capture,10x_042_JiCh02
TSC4,UCC744-Inflamed-Active-TSC4,R2,5PNNNNNNNNNN(BC),AGTAAGTTCAGCGTA,Antibody Capture,10x_042_JiCh02
TSC5,UCC747-Inflamed-Active-TSC5,R2,5PNNNNNNNNNN(BC),AAGTATCGTTTCGCA,Antibody Capture,10x_042_JiCh02
TSC6,UDC752-Inflamed-Active-TSC6,R2,5PNNNNNNNNNN(BC),GGTTGCCAGATGTCA,Antibody Capture,10x_042_JiCh02
TSC7,UCC728-Inflamed-Active-TSC7,R2,5PNNNNNNNNNN(BC),TGTCTTTCCTGCCAG,Antibody Capture,10x_042_JiCh02
TSC8,UDC732-Inflamed-Active-TSC8,R2,5PNNNNNNNNNN(BC),CTCCTCTGCAATTAC,Antibody Capture,10x_042_JiCh02
TSC3,UAC713-Uninflamed-Remission-TSC3,R2,5PNNNNNNNNNN(BC),TTCCGCCTCTCTTTG,Antibody Capture,10x_048_JiCh03_A
TSC4,UAC720-Uninflamed-Remission-TSC4,R2,5PNNNNNNNNNN(BC),AGTAAGTTCAGCGTA,Antibody Capture,10x_048_JiCh03_A
TSC5,UAC721-Uninflamed-Remission-TSC5,R2,5PNNNNNNNNNN(BC),AAGTATCGTTTCGCA,Antibody Capture,10x_048_JiCh03_A
TSC6,UAC722-Uninflamed-Remission-TSC6,R2,5PNNNNNNNNNN(BC),GGTTGCCAGATGTCA,Antibody Capture,10x_048_JiCh03_A
TSC7,UAC726-Uninflamed-Remission-TSC7,R2,5PNNNNNNNNNN(BC),TGTCTTTCCTGCCAG,Antibody Capture,10x_048_JiCh03_A
TSC8,UAC730-Uninflamed-Remission-TSC8,R2,5PNNNNNNNNNN(BC),CTCCTCTGCAATTAC,Antibody Capture,10x_048_JiCh03_A
TSC9,UAC731-Uninflamed-Remission-TSC9,R2,5PNNNNNNNNNN(BC),CAGTAGTCACGGTCA,Antibody Capture,10x_048_JiCh03_A
TSC3,UCC739-Inflamed-Paired-TSC3,R2,5PNNNNNNNNNN(BC),TTCCGCCTCTCTTTG,Antibody Capture,10x_048_JiCh03_C
TSC4,UCC745-Inflamed-Paired-TSC4,R2,5PNNNNNNNNNN(BC),AGTAAGTTCAGCGTA,Antibody Capture,10x_048_JiCh03_C
TSC5,UDC751-Inflamed-Paired-TSC5,R2,5PNNNNNNNNNN(BC),AAGTATCGTTTCGCA,Antibody Capture,10x_048_JiCh03_C
TSC6,UCC757-Inflamed-Paired-TSC6,R2,5PNNNNNNNNNN(BC),GGTTGCCAGATGTCA,Antibody Capture,10x_048_JiCh03_C
TSC7,UCC758-Inflamed-Paired-TSC7,R2,5PNNNNNNNNNN(BC),TGTCTTTCCTGCCAG,Antibody Capture,10x_048_JiCh03_C
TSC8,UCC761-Inflamed-Paired-TSC8,R2,5PNNNNNNNNNN(BC),CTCCTCTGCAATTAC,Antibody Capture,10x_048_JiCh03_C
TSC3,UAC728-NonInvolved-Paired-TSC3,R2,5PNNNNNNNNNN(BC),TTCCGCCTCTCTTTG,Antibody Capture,10x_048_JiCh03_B
TSC4,UAC732-NonInvolved-Paired-TSC4,R2,5PNNNNNNNNNN(BC),AGTAAGTTCAGCGTA,Antibody Capture,10x_048_JiCh03_B
TSC5,UAC739-NonInvolved-Paired-TSC5,R2,5PNNNNNNNNNN(BC),AAGTATCGTTTCGCA,Antibody Capture,10x_048_JiCh03_B
TSC6,UAC745-NonInvolved-Paired-TSC6,R2,5PNNNNNNNNNN(BC),GGTTGCCAGATGTCA,Antibody Capture,10x_048_JiCh03_B
TSC7,UAC751-NonInvolved-Paired-TSC7,R2,5PNNNNNNNNNN(BC),TGTCTTTCCTGCCAG,Antibody Capture,10x_048_JiCh03_B
TSC8,UAC757-NonInvolved-Paired-TSC8,R2,5PNNNNNNNNNN(BC),CTCCTCTGCAATTAC,Antibody Capture,10x_048_JiCh03_B
TSC9,UAC758-NonInvolved-Paired-TSC9,R2,5PNNNNNNNNNN(BC),CAGTAGTCACGGTCA,Antibody Capture,10x_048_JiCh03_B
TSC10,UAC761-NonInvolved-Paired-TSC10,R2,5PNNNNNNNNNN(BC),ATTGACCCGCGTTAG,Antibody Capture,10x_048_JiCh03_B
TSC3,NAC749-Normal-Control-TSC3,R2,5PNNNNNNNNNN(BC),TTCCGCCTCTCTTTG,Antibody Capture,10x_048_JiCh03_N
TSC4,NAC742-Normal-Control-TSC4,R2,5PNNNNNNNNNN(BC),AGTAAGTTCAGCGTA,Antibody Capture,10x_048_JiCh03_N
TSC5,NAC743-Normal-Control-TSC5,R2,5PNNNNNNNNNN(BC),AAGTATCGTTTCGCA,Antibody Capture,10x_048_JiCh03_N
TSC6,NAC748-Normal-Control-TSC6,R2,5PNNNNNNNNNN(BC),GGTTGCCAGATGTCA,Antibody Capture,10x_048_JiCh03_N
TSC7,NAC750-Normal-Control-TSC7,R2,5PNNNNNNNNNN(BC),TGTCTTTCCTGCCAG,Antibody Capture,10x_048_JiCh03_N
TSC8,NAC754-Normal-Control-TSC8,R2,5PNNNNNNNNNN(BC),CTCCTCTGCAATTAC,Antibody Capture,10x_048_JiCh03_N
TSCCD4,MKR-CD4,R2,5PNNNNNNNNNN(BC),GAGGTTAGTGATGGA,Antibody Capture,JiCh
TSCCD8,MKR-CD8,R2,5PNNNNNNNNNN(BC),GCGCAACTTGATGAT,Antibody Capture,JiCh
